MA_TBA,maturity,Date
0.0289,49,2023-10-16
0.0288,40,2023-10-11
0.0289,45,2023-10-20
0.0289,47,2023-10-18
0.0289,48,2023-10-17
0.0289,46,2023-10-19
0.0288,38,2023-10-13
0.0289999999999999,42,2023-10-23
0.0287,41,2023-10-24
0.0288,76,2023-10-31
0.0289999999999999,35,2023-10-30
0.0289999999999999,34,2023-10-31
0.0289,39,2023-10-26
0.0289999999999999,31,2023-11-03
0.0287,40,2023-10-25
0.0292,68,2023-11-08
0.0292,67,2023-11-09
0.0289999999999999,33,2023-11-01
0.0292,66,2023-11-10
0.0313,73,2023-01-06
0.0311,34,2023-02-28
0.0302999999999999,55,2023-03-28
0.0302,47,2023-04-05
0.0304,39,2023-04-13
0.0306999999999999,20,2023-04-25
0.03,62,2023-03-21
0.0304,38,2023-04-14
0.0302,76,2023-05-02
0.0302,69,2023-05-09
0.0302,61,2023-05-17
0.0302,91,2023-04-17
0.0302,47,2023-05-03
0.0302999999999999,54,2023-03-29
0.0302,68,2023-05-10
0.0302,46,2023-04-06
0.0302,60,2023-05-18
0.03,61,2023-03-22
0.0302,90,2023-04-18
0.0302,74,2023-05-04
0.0302999999999999,53,2023-03-30
0.0302,59,2023-05-19
0.0302,89,2023-04-19
0.0302,73,2023-05-05
0.0302,45,2023-04-07
0.0302,67,2023-05-11
0.0302999999999999,60,2023-03-23
0.0304,42,2023-04-10
0.0302999999999999,52,2023-03-31
0.03,56,2023-05-22
0.0302,70,2023-05-08
0.0302999999999999,59,2023-03-24
0.03,55,2023-05-23
0.0302,82,2023-04-26
0.0302999999999999,85,2023-05-12
0.03,42,2023-06-05
0.03,53,2023-05-25
0.0304,41,2023-04-11
0.0302,49,2023-04-03
0.0302999999999999,56,2023-03-27
0.0302,81,2023-04-27
0.0291,20,2023-05-30
0.0302,35,2023-05-15
0.0302,48,2023-04-04
0.03,40,2023-04-12
0.03,54,2023-05-24
0.03,35,2023-06-12
0.0302,62,2023-05-16
0.0306,83,2023-06-20
0.0297,67,2023-07-06
0.03,34,2023-06-13
0.03,40,2023-06-07
0.0297,59,2023-07-14
0.03,49,2023-05-29
0.0302,80,2023-04-28
0.0302,82,2023-06-21
0.0298,75,2023-06-28
0.0296,56,2023-07-17
0.0295,49,2023-07-24
0.0302,81,2023-06-22
0.0296,66,2023-07-07
0.03,33,2023-06-14
0.0296,55,2023-07-18
0.03,39,2023-06-08
0.0295,48,2023-07-25
0.03,47,2023-05-31
0.0298,77,2023-06-26
0.03,32,2023-06-15
0.03,46,2023-06-01
0.03,38,2023-06-09
0.0295,47,2023-07-26
0.0302,31,2023-06-16
0.0297,62,2023-07-11
0.0297,70,2023-07-03
0.0295,41,2023-08-01
0.0295,46,2023-07-27
0.0296,53,2023-07-20
0.0306,84,2023-06-19
0.0297,69,2023-07-04
0.0295,32,2023-08-10
0.0297,60,2023-08-17
0.0297,52,2023-08-25
0.0297,61,2023-07-12
0.0295,31,2023-08-11
0.0295,40,2023-08-02
0.0297,52,2023-07-21
0.0295,45,2023-07-28
0.0297,68,2023-07-05
0.0297,49,2023-08-28
0.0297,60,2023-07-13
0.0295,39,2023-08-03
0.0297,42,2023-09-04
0.0297,59,2023-08-18
0.0297,48,2023-08-29
0.0296,34,2023-09-12
0.0297,62,2023-08-15
0.0298,61,2023-09-20
0.0296,33,2023-09-13
0.0295,38,2023-08-04
0.0297,47,2023-08-30
0.0297,40,2023-09-06
0.0298,60,2023-09-21
0.0297,46,2023-08-31
0.0297,61,2023-08-16
0.0297,55,2023-08-22
0.0295,35,2023-08-07
0.0298,59,2023-09-22
0.0295,41,2023-09-05
0.0297,39,2023-09-07
0.0297,54,2023-08-23
0.0295,34,2023-08-08
0.0296,31,2023-09-15
0.0297,38,2023-09-08
0.0298,63,2023-09-18
0.0297,53,2023-08-24
0.0298,55,2023-09-26
0.0296,35,2023-09-11
0.0298,62,2023-09-19
0.0297,54,2023-09-27
0.0302,88,2023-04-20
0.03,41,2023-06-06
0.0298,76,2023-06-27
0.0297,56,2023-09-25
0.0295,42,2023-07-31
0.0295,33,2023-08-09
0.03,45,2023-06-02
0.0291699999999999,14,2023-01-02
0.0289999999999999,10,2023-01-03
0.0289999999999999,40,2023-01-04
0.0288,42,2023-10-09
0.0289999999999999,32,2023-11-02
0.0288,41,2023-10-10
0.0288,39,2023-10-12
0.0296,48,2023-10-03
0.0154499999999999,28,2022-03-21
0.01532,14,2022-02-28
0.01526,27,2022-01-18
0.01526,23,2022-02-14
0.0153,18,2021-12-30
0.0152699999999999,40,2022-03-09
0.01526,14,2022-01-31
0.0153,41,2022-01-04
0.01533,36,2022-02-01
0.01537,47,2022-03-02
0.0158,18,2022-03-31
0.0153499999999999,40,2022-01-05
0.01524,47,2022-01-21
0.01534,46,2022-03-03
0.0153,11,2022-01-06
0.01532,7,2022-02-21
0.0153,38,2022-01-07
0.01605,14,2022-04-04
0.01524,44,2022-01-24
0.0153,7,2022-01-10
0.0158,41,2022-04-05
0.0152699999999999,43,2022-01-25
0.01526,27,2022-02-10
0.01534,6,2022-03-08
0.0151499999999999,13,2022-02-01
0.0151,5,2022-01-12
0.01509,4,2022-01-13
0.0158,35,2022-04-11
0.01606,24,2022-04-22
0.0158,7,2022-05-09
0.01554,31,2022-05-20
0.0161,42,2022-06-06
0.01647,28,2022-06-20
0.0154499999999999,27,2022-05-24
0.0158,54,2022-04-27
0.01607,41,2022-05-10
0.01715,18,2022-06-30
0.0161,12,2022-06-08
0.01582,53,2022-05-26
0.0162,25,2022-06-23
0.0155,27,2022-04-19
0.01589,26,2022-04-20
0.0161,49,2022-05-30
0.0158,20,2022-05-31
0.0155,35,2022-05-16
0.0161,35,2022-06-13
0.0165,21,2022-06-27
0.016,46,2022-06-02
0.0158,11,2022-05-05
0.01725,20,2022-06-28
0.01609,10,2022-05-06
0.01616,6,2022-07-12
0.0162,33,2022-06-15
0.0163,21,2022-07-18
0.01659,32,2022-06-16
0.0175,28,2022-08-15
0.017,17,2022-07-29
0.0183,49,2022-08-29
0.01591,53,2022-07-21
0.01891,20,2022-08-30
0.01929,10,2022-09-09
0.01576,52,2022-07-22
0.019,21,2022-09-26
0.01816,32,2022-08-18
0.0181899999999999,19,2022-08-31
0.0152,11,2022-08-04
0.01697,10,2022-08-05
0.0204999999999999,19,2022-09-28
0.022,27,2022-10-11
0.0175,17,2022-09-02
0.02226,33,2022-10-12
0.0152,7,2022-08-08
0.0163999999999999,54,2022-07-27
0.02077,49,2022-10-03
0.022,24,2022-10-14
0.019,48,2022-09-20
0.0185,33,2022-08-24
0.01575,46,2022-07-28
0.0185,20,2022-09-06
0.02,24,2022-09-23
0.0223,49,2022-10-17
0.01664,11,2022-08-11
0.02255,28,2022-12-05
0.024,21,2022-11-21
0.02407,55,2022-11-22
0.02657,46,2022-12-08
0.022,48,2022-10-18
0.0235,11,2022-11-24
0.02855,32,2022-12-12
0.03,14,2022-12-19
0.02742,31,2022-12-13
0.0285,30,2022-12-14
0.02834,23,2022-12-21
0.02777,29,2022-12-15
0.0289,22,2022-12-22
0.02774,38,2022-12-16
0.0289999999999999,21,2022-12-23
0.0289999999999999,28,2022-12-26
0.0285,17,2022-12-27
0.0237,7,2022-11-07
0.03,19,2022-12-28
0.0295299999999999,18,2022-12-29
0.02948,14,2022-12-30
0.0237999999999999,45,2022-10-28
0.02365,28,2022-11-14
0.0239299999999999,26,2022-11-16
0.024,32,2022-11-17
0.0235,14,2022-10-31
0.0235,40,2022-11-02
0.0153,51,2022-01-17
0.0139999999999999,35,2021-02-08
0.01354,7,2021-03-08
0.01436,14,2021-02-01
0.01461,21,2021-01-18
0.01355,55,2021-03-23
0.01436,12,2021-02-03
0.0137,39,2021-02-04
0.01461,21,2021-01-04
0.01468,25,2021-01-21
0.0146,20,2021-01-05
0.01359,21,2021-02-22
0.01461,31,2021-01-08
0.01441,20,2021-01-26
0.01353,17,2021-02-26
0.01357,47,2021-03-31
0.0141,47,2021-01-27
0.0143,46,2021-01-28
0.01354,14,2021-03-01
0.01355,45,2021-04-02
0.01436,17,2021-01-29
0.01354,48,2021-03-02
0.015,16,2021-01-14
0.01354,11,2021-03-04
0.0136,14,2021-04-05
0.01352,41,2021-04-06
0.01358,25,2021-04-22
0.0135,10,2021-03-05
0.01364,42,2021-06-07
0.01363,21,2021-05-24
0.01366,21,2021-04-26
0.0138599999999999,33,2021-06-16
0.01363,11,2021-05-06
0.01366,19,2021-04-28
0.01362,31,2021-04-30
0.01366,27,2021-05-04
0.0135,7,2021-04-12
0.0136,6,2021-04-13
0.01363,49,2021-05-31
0.01365,27,2021-05-18
0.01363,11,2021-06-03
0.01351,42,2021-04-19
0.01358,54,2021-04-21
0.01427,41,2021-08-03
0.0141,38,2021-09-10
0.01355,13,2021-10-05
0.01409,21,2021-08-30
0.01419,26,2021-08-18
0.01425,28,2021-09-20
0.0144999999999999,25,2021-10-18
0.01409,27,2021-08-24
0.0144999999999999,6,2021-10-12
0.01409,12,2021-09-08
0.0147,49,2021-09-24
0.01441,48,2021-08-31
0.01409,52,2021-08-27
0.01422,38,2021-10-22
0.01459,46,2021-12-02
0.0144,10,2021-11-12
0.01455,14,2021-10-29
0.0150299999999999,10,2021-11-02
0.0144999999999999,19,2021-09-29
0.01562,10,2021-11-02
0.01517,31,2021-12-17
0.01453,9,2021-11-03
0.01441,42,2021-12-06
0.01521,55,2021-12-21
0.0152,25,2021-12-23
0.01459,49,2021-11-29
0.01459,47,2021-12-01
0.0233,11,2020-02-17
0.0225,12,2020-01-08
0.0229499999999999,53,2020-02-27
0.02321,32,2020-01-31
0.02192,20,2019-12-31
0.02305,35,2020-03-16
0.0227899999999999,28,2020-02-04
0.0223,43,2020-01-20
0.02226,42,2020-01-21
0.02323,25,2020-02-07
0.024,53,2020-03-26
0.02189,13,2020-01-07
0.024,52,2020-03-27
0.0227199999999999,28,2020-02-04
0.02139,10,2020-05-08
0.021,46,2020-04-21
0.01955,42,2020-06-08
0.0191199999999999,20,2020-06-30
0.02077,19,2020-05-18
0.02223,39,2020-04-09
0.0204,11,2020-05-26
0.024,38,2020-04-10
0.0209,48,2020-06-02
0.02146,23,2020-05-14
0.02085,49,2020-06-01
0.02146,22,2020-05-15
0.01805,20,2020-06-30
0.0208199999999999,48,2020-06-02
0.0219,34,2020-04-14
0.0213499999999999,47,2020-06-03
0.0215,52,2020-04-15
0.01805,17,2020-07-03
0.0215,51,2020-04-16
0.021,12,2020-05-06
0.0214199999999999,11,2020-05-07
0.01534,46,2020-07-21
0.01548,34,2020-08-11
0.0157,23,2020-08-13
0.0157,45,2020-09-11
0.01586,5,2020-08-31
0.01569,18,2020-09-29
0.01575,13,2020-09-01
0.01534,50,2020-07-17
0.01489,17,2020-09-30
0.0154,30,2020-09-17
0.01576,28,2020-08-17
0.01489,25,2020-10-01
0.015,38,2020-10-02
0.01516,38,2020-09-18
0.0154,47,2020-07-20
0.0155,31,2020-08-05
0.01502,46,2020-09-24
0.0155,30,2020-08-06
0.01579,18,2020-09-29
0.015,35,2020-10-05
0.0155,29,2020-08-07
0.01551,7,2020-09-07
0.0155,26,2020-08-10
0.015,30,2020-10-15
0.015,10,2020-10-16
0.015,12,2020-11-02
0.0151,21,2020-11-16
0.0158,18,2020-08-27
0.01731,10,2020-12-02
0.0153499999999999,17,2020-12-18
0.01496,21,2020-10-19
0.016,9,2020-12-03
0.015,13,2020-10-13
0.016,8,2020-12-04
0.0149,47,2020-10-21
0.01495,46,2020-10-22
0.0154,44,2020-11-19
0.01532,5,2020-12-28
0.0153,28,2020-11-09
0.0154,12,2020-11-25
0.01528,26,2020-12-07
0.01574,24,2020-11-27
0.0154,53,2020-12-10
0.01445,46,2020-12-24
0.0144999999999999,52,2020-12-25
0.015,55,2020-10-27
0.01574,7,2020-11-30
0.015,40,2020-10-28
0.01574,32,2020-12-01
0.01513,35,2020-12-14
0.01539,18,2020-12-31
0.0153499999999999,53,2020-12-17
0.01461,39,2020-12-31
0.02301,32,2019-02-14
0.0232,31,2019-03-05
0.02347,17,2019-01-17
0.02265,25,2019-03-20
0.023,27,2019-02-19
0.02347,16,2019-01-18
0.0233199999999999,12,2019-01-02
0.02299,11,2019-01-03
0.0232,47,2019-01-30
0.02333,55,2019-03-26
0.0237999999999999,12,2019-01-22
0.0231,38,2019-02-08
0.02337,7,2019-01-07
0.02338,31,2019-03-05
0.0225,33,2019-02-13
0.02323,49,2019-04-01
0.0236,48,2019-01-29
0.023,27,2019-03-18
0.02323,45,2019-04-05
0.0237,19,2019-01-15
0.0235,32,2019-04-18
0.023,20,2019-04-30
0.0229,26,2019-04-24
0.02323,25,2019-04-25
0.0227999999999999,42,2019-06-21
0.02323,7,2019-05-13
0.02323,40,2019-04-10
0.023,36,2019-06-27
0.023,49,2019-06-14
0.02323,21,2019-04-29
0.02323,38,2019-04-12
0.02323,31,2019-07-02
0.02323,34,2019-04-16
0.0220199999999999,18,2019-08-29
0.0232,49,2019-07-29
0.02323,17,2019-07-16
0.0221899999999999,32,2019-09-16
0.023,16,2019-07-17
0.0232,47,2019-07-31
0.02255,18,2019-09-30
0.0231,38,2019-08-09
0.02218,31,2019-09-17
0.02252,37,2019-10-01
0.02215,30,2019-09-18
0.02316,45,2019-08-02
0.0221099999999999,14,2019-09-02
0.0233,11,2019-07-22
0.02255,25,2019-09-23
0.02198,30,2019-10-08
0.02215,45,2019-09-06
0.02255,43,2019-09-25
0.02206,30,2019-10-08
0.02255,42,2019-09-26
0.0223,41,2019-09-27
0.0225,11,2019-10-10
0.02215,41,2019-09-10
0.0227999999999999,21,2019-10-17
0.0231,8,2019-10-30
0.0225,40,2019-09-11
0.0224,55,2019-08-27
0.0222,20,2019-10-18
0.022,19,2019-08-28
0.0222,39,2019-09-12
0.0225,7,2019-10-14
0.023,31,2019-11-15
0.02222,55,2019-09-13
0.0227999999999999,13,2019-12-03
0.0231,33,2019-12-18
0.0229,26,2019-11-20
0.0227999999999999,16,2019-10-22
0.02291,11,2019-12-05
0.0227999999999999,15,2019-10-23
0.0229499999999999,45,2019-12-06
0.02289,39,2019-11-07
0.02222,53,2019-10-24
0.023,6,2019-12-10
0.0225599999999999,19,2019-11-27
0.023,40,2019-12-11
0.0227999999999999,10,2019-10-28
0.02265,24,2019-12-27
0.0229,48,2019-10-29
0.023,4,2019-12-12
0.02254,11,2019-11-28
0.02309,38,2019-12-13
0.0227999999999999,7,2019-12-02
0.02291,35,2019-12-16
0.02306,34,2019-12-17
0.02197,35,2018-01-15
0.0225,21,2018-03-05
0.0224,20,2018-01-30
0.022,7,2018-03-19
0.022,26,2017-12-20
0.0226,28,2018-02-19
0.02175,52,2018-03-23
0.02206,47,2018-01-03
0.0225,11,2018-01-04
0.02235,38,2018-02-09
0.0222,45,2018-03-30
0.0226,7,2018-03-12
0.02253,26,2018-01-24
0.0225,42,2018-01-08
0.0225,25,2018-01-25
0.0225,48,2018-02-27
0.02185,13,2018-04-03
0.02233,49,2018-01-29
0.0219,45,2018-03-02
0.02185,38,2018-04-06
0.02225,25,2018-04-19
0.0225,7,2018-05-07
0.0227999999999999,18,2018-05-24
0.02225,52,2018-04-25
0.0226,14,2018-06-25
0.022,18,2018-04-26
0.0227999999999999,24,2018-06-01
0.02258,10,2018-06-29
0.0225,40,2018-05-30
0.0227999999999999,38,2018-05-18
0.0225,16,2018-05-31
0.0228799999999999,50,2018-07-03
0.0229,49,2018-07-04
0.0225,28,2018-04-16
0.0226,17,2018-06-22
0.02282,44,2018-07-09
0.02255,27,2018-04-17
0.0228699999999999,38,2018-08-10
0.023,24,2018-08-24
0.02301,7,2018-09-10
0.02281,35,2018-07-18
0.023,17,2018-08-31
0.02285,22,2018-07-31
0.02291,54,2018-08-17
0.023,47,2018-08-01
0.0230399999999999,46,2018-08-02
0.023,23,2018-09-17
0.02275,48,2018-10-02
0.02299,45,2018-08-03
0.0228799999999999,54,2018-07-25
0.023,39,2018-10-04
0.0233,16,2018-08-06
0.023,11,2018-09-06
0.0228799999999999,27,2018-07-26
0.02315,15,2018-08-07
0.023,10,2018-09-07
0.023,54,2018-10-12
0.0231,47,2018-10-19
0.0231,14,2018-11-05
0.02307,6,2018-11-29
0.02298,27,2018-12-18
0.0227999999999999,16,2018-11-19
0.02307,40,2018-12-05
0.02297,26,2018-10-24
0.0231,11,2018-11-08
0.0231,10,2018-11-09
0.02297,18,2018-10-25
0.02307,53,2018-11-22
0.02314,7,2018-11-12
0.023,20,2018-12-25
0.023,32,2018-12-13
0.02298,28,2018-12-17
0.0231,9,2018-11-26
0.02299,18,2018-12-27
0.023,17,2018-12-28
0.0233199999999999,14,2018-12-31
0.0210999999999999,40,2017-03-22
0.02177,28,2017-01-16
0.02226,13,2017-01-31
0.02167,48,2017-02-28
0.02182,33,2017-01-18
0.02172,49,2017-01-02
0.02115,38,2017-03-24
0.02182,53,2017-01-19
0.02173,41,2017-01-03
0.0215,28,2017-02-20
0.0215,27,2017-02-21
0.0218,11,2017-01-04
0.02177,39,2017-01-05
0.021,12,2017-02-08
0.0212,10,2017-03-10
0.02115,48,2017-03-28
0.02145,10,2017-02-24
0.0216,21,2017-01-30
0.02115,32,2017-03-30
0.0210999999999999,46,2017-03-16
0.02175,35,2017-01-09
0.02123,21,2017-02-13
0.02122,20,2017-02-14
0.02115,59,2017-03-17
0.02115,42,2017-03-20
0.02114,55,2017-03-21
0.0212,17,2017-02-17
0.02079,53,2017-05-25
0.02136,12,2017-05-03
0.02115,11,2017-04-20
0.0212,20,2017-04-11
0.02115,18,2017-04-27
0.02146,22,2017-05-03
0.0225,19,2017-06-28
0.0214,35,2017-06-12
0.02146,48,2017-05-30
0.0225,18,2017-06-29
0.02245,46,2017-06-30
0.0212,46,2017-06-01
0.02115,14,2017-04-17
0.0224,43,2017-07-03
0.02141,7,2017-05-18
0.0224,34,2017-07-04
0.02233,42,2017-06-05
0.0225,6,2017-07-11
0.0212,41,2017-06-06
0.0215,40,2017-06-07
0.0225,10,2017-07-07
0.0225,19,2017-07-27
0.0225,32,2017-07-14
0.0225,7,2017-07-10
0.02345,14,2017-08-01
0.0222,31,2017-08-18
0.0218,7,2017-09-11
0.0225,47,2017-08-02
0.0225,39,2017-08-10
0.02255,12,2017-08-03
0.0218,12,2017-10-02
0.0217,11,2017-10-03
0.02177,29,2017-10-04
0.0225,42,2017-08-07
0.0217899999999999,28,2017-10-05
0.02165,27,2017-10-06
0.0225,55,2017-07-25
0.0217,19,2017-09-25
0.02175,47,2017-10-11
0.0218,15,2017-09-29
0.0215,21,2017-10-12
0.02173,17,2017-10-16
0.0215,10,2017-10-23
0.0215,25,2017-11-02
0.0218,15,2017-10-18
0.0218,14,2017-10-19
0.0226,27,2017-12-19
0.02155,7,2017-11-20
0.0218,13,2017-10-20
0.0215899999999999,48,2017-11-28
0.02155,49,2017-11-27
0.0219,33,2017-12-13
0.0219,31,2017-12-15
0.02205,28,2017-12-18
0.0245,17,2016-02-18
0.023,31,2016-03-18
0.02473,34,2016-02-01
0.02458,35,2016-01-18
0.0243,6,2016-02-29
0.0249299999999999,14,2016-01-04
0.02459,38,2016-02-05
0.0210999999999999,24,2016-03-25
0.024,40,2016-03-09
0.025,10,2016-01-08
0.0245,23,2016-02-12
0.0245,47,2016-01-27
0.02172,41,2016-04-05
0.02448,46,2016-01-28
0.0195,12,2016-04-20
0.0183,46,2016-05-05
0.02497,25,2016-01-14
0.0204999999999999,7,2016-04-11
0.019,7,2016-04-25
0.0245,18,2016-02-17
0.02252,76,2016-04-19
0.01985,19,2016-04-13
0.019,18,2016-04-28
0.018,14,2016-05-02
0.0197,14,2016-04-18
0.02,27,2016-04-19
0.02252,24,2016-07-22
0.0215,32,2016-08-11
0.0208,18,2016-07-28
0.022,7,2016-08-29
0.0208,17,2016-07-29
0.0214,40,2016-09-07
0.02055,20,2016-08-16
0.0215,18,2016-09-29
0.021,55,2016-08-02
0.0218,17,2016-09-30
0.0206499999999999,18,2016-08-18
0.021,28,2016-09-19
0.0209,11,2016-08-04
0.0209,19,2016-09-21
0.0208,47,2016-07-20
0.0204999999999999,14,2016-08-22
0.02122,12,2016-10-05
0.0209,7,2016-08-08
0.0204999999999999,24,2016-09-23
0.021,12,2016-08-24
0.021,10,2016-08-26
0.0204999999999999,21,2016-09-26
0.0204999999999999,55,2016-11-15
0.021,14,2016-10-31
0.0204999999999999,48,2016-11-28
0.021,21,2016-10-17
0.021,12,2016-11-02
0.021,11,2016-11-03
0.0207,45,2016-12-16
0.0204999999999999,14,2016-12-05
0.021,25,2016-12-21
0.0204999999999999,23,2016-11-21
0.0206,31,2016-10-21
0.02145,23,2016-12-23
0.0204999999999999,53,2016-11-23
0.0208,7,2016-11-07
0.0207,37,2016-12-09
0.0204999999999999,21,2016-10-24
0.0204999999999999,25,2016-10-27
0.02145,19,2016-12-27
0.0206,33,2016-11-11
0.021,24,2016-10-28
0.02145,47,2016-12-28
0.02173,32,2016-12-29
0.0207,47,2016-12-14
0.02173,45,2016-12-30
0.0204999999999999,7,2016-11-14
0.0243,14,2015-02-09
0.025,60,2014-12-17
0.0241,49,2015-03-02
0.0252,28,2015-03-16
0.0235,19,2014-12-31
0.0243,23,2015-02-20
0.02403,41,2015-02-02
0.0235,11,2015-01-08
0.0250999999999999,47,2015-03-25
0.025,54,2015-03-09
0.0235,13,2015-01-06
0.0250999999999999,17,2015-03-27
0.0245,16,2015-02-27
0.0245,17,2015-04-03
0.025,34,2015-04-07
0.025,19,2015-04-22
0.025,33,2015-04-08
0.02506,14,2015-05-25
0.02499,26,2015-06-10
0.025,12,2015-05-27
0.0245,10,2015-06-26
0.02505,31,2015-04-10
0.0255,42,2015-04-27
0.0253,21,2015-05-11
0.025,25,2015-06-11
0.02515,39,2015-05-28
0.025,20,2015-04-28
0.0253,34,2015-05-12
0.0252499999999999,10,2015-05-29
0.0250999999999999,18,2015-05-14
0.025,21,2015-06-29
0.025,35,2015-04-13
0.0253,32,2015-04-30
0.0252499999999999,17,2015-05-15
0.0245,13,2015-06-30
0.0249,21,2015-06-15
0.0245,12,2015-07-01
0.0250999999999999,7,2015-06-01
0.0245,11,2015-07-02
0.0244099999999999,21,2015-05-18
0.02523,28,2015-05-04
0.025,20,2015-05-19
0.025,32,2015-06-04
0.025,12,2015-04-20
0.02507,18,2015-05-21
0.02523,25,2015-05-07
0.025,18,2015-05-21
0.0244099999999999,28,2015-07-06
0.0255,10,2015-05-08
0.02386,27,2015-07-07
0.0246,42,2015-07-27
0.0243,13,2015-06-23
0.02474,24,2015-08-12
0.0243999999999999,25,2015-07-09
0.0246,38,2015-07-29
0.025,12,2015-06-24
0.0245,20,2015-07-14
0.02447,11,2015-06-25
0.02443,19,2015-07-15
0.02499,33,2015-08-03
0.0253,47,2015-09-14
0.02568,5,2015-08-31
0.02443,46,2015-07-16
0.0253,34,2015-09-30
0.0252,45,2015-09-16
0.0252,44,2015-10-01
0.02461,35,2015-08-03
0.025,43,2015-09-18
0.025,17,2015-08-19
0.0250999999999999,29,2015-10-02
0.0243299999999999,39,2015-08-06
0.02443,59,2015-07-08
0.02444,38,2015-08-07
0.0250999999999999,49,2015-09-21
0.0245,47,2015-07-22
0.0250999999999999,40,2015-10-05
0.025,11,2015-08-25
0.0246,28,2015-08-10
0.0253,24,2015-10-07
0.0253,5,2015-09-09
0.025,10,2015-08-26
0.0246,25,2015-08-11
0.0250999999999999,53,2015-08-27
0.025,22,2015-10-09
0.02547,49,2015-08-31
0.0253399999999999,35,2015-11-09
0.025,11,2015-12-03
0.0250999999999999,12,2015-11-02
0.0245,31,2015-12-18
0.0253399999999999,11,2015-11-03
0.0254,26,2015-10-19
0.0252,11,2015-10-22
0.02511,61,2015-11-30
0.0254,7,2015-10-27
0.025,20,2015-12-29
0.0252,17,2015-10-28
0.0252,18,2015-11-26
0.02448,26,2016-01-04
0.02505,50,2015-12-11
0.0250999999999999,46,2015-12-15
0.0252,14,2015-11-30
0.0245,32,2015-12-17
0.03223,28,2014-02-17
0.032,13,2014-03-04
0.032,24,2014-01-17
0.032,7,2014-02-03
0.0342,53,2014-01-02
0.032,24,2014-02-21
0.03247,15,2014-03-21
0.0343,38,2014-01-03
0.032,40,2014-02-05
0.032,14,2014-01-20
0.032,56,2014-01-20
0.0325,8,2014-03-28
0.0320299999999999,21,2014-02-24
0.0335,28,2014-01-06
0.0318,20,2014-02-25
0.03,7,2014-02-10
0.032,38,2014-01-10
0.0315,34,2014-02-11
0.03225,22,2014-03-14
0.0322,18,2014-02-27
0.0324,42,2014-01-13
0.03193,32,2014-02-13
0.0321,31,2014-04-04
0.0322,61,2014-02-05
0.03132,14,2014-03-03
0.031,57,2014-04-18
0.03134,55,2014-01-21
0.0313,40,2014-05-05
0.031,11,2014-04-24
0.03057,24,2014-01-31
0.0308999999999999,22,2014-06-06
0.031,52,2014-05-23
0.0305,17,2014-06-11
0.0304,5,2014-06-23
0.031,25,2014-04-10
0.0305,17,2014-06-27
0.0315,46,2014-05-29
0.0308,14,2014-06-30
0.0308999999999999,33,2014-04-15
0.0308,12,2014-07-02
0.0306,28,2014-06-16
0.03079,11,2014-07-03
0.031,41,2014-06-03
0.0311,48,2014-05-20
0.0302999999999999,25,2014-07-10
0.0302999999999999,26,2014-08-13
0.03035,10,2014-08-29
0.0302999999999999,24,2014-08-15
0.0304,21,2014-09-15
0.0306,46,2014-07-31
0.0285,13,2014-09-30
0.03035,7,2014-09-01
0.0285,12,2014-10-01
0.0304,17,2014-09-19
0.0302999999999999,34,2014-09-02
0.0306,42,2014-08-04
0.0285,11,2014-10-02
0.0279999999999999,10,2014-10-03
0.0302999999999999,20,2014-08-19
0.0304,13,2014-07-22
0.0305,38,2014-09-05
0.0308,13,2014-09-23
0.0302999999999999,31,2014-08-08
0.0302999999999999,21,2014-08-25
0.0279999999999999,11,2014-10-07
0.03035,13,2014-08-26
0.0279999999999999,34,2014-10-13
0.03,12,2014-08-27
0.0303699999999999,39,2014-09-09
0.03035,11,2014-08-28
0.0279999999999999,37,2014-10-10
0.0278,24,2014-10-23
0.0304,25,2014-09-11
0.0301,36,2014-09-12
0.0279999999999999,27,2014-10-20
0.027,12,2014-12-03
0.0285,59,2014-09-26
0.0275,11,2014-12-04
0.0279,25,2014-10-22
0.0273,10,2014-12-05
0.0279,26,2014-11-19
0.0275,7,2014-12-08
0.0275,5,2014-12-10
0.042,34,2013-01-03
0.0393,60,2013-02-14
0.0387,52,2013-03-22
0.038,11,2013-03-07
0.0389,28,2013-03-25
0.0385,25,2013-03-28
0.039,17,2013-03-29
0.039,14,2013-04-01
0.0385,27,2013-04-02
0.038,26,2013-03-20
0.03868,12,2013-04-03
0.0388,25,2013-03-21
0.0385999999999999,11,2013-04-04
0.0385,10,2013-04-05
0.03938,7,2013-05-09
0.039,14,2013-04-08
0.03778,20,2013-04-23
0.038,11,2013-05-22
0.0372,55,2013-06-25
0.039,18,2013-04-25
0.0387,26,2013-04-10
0.0422499999999999,35,2013-01-02
0.03868,32,2013-04-11
0.03936,31,2013-04-12
0.039,10,2013-04-26
0.03893,5,2013-06-12
0.039,14,2013-04-15
0.03765,55,2013-06-28
0.0409,20,2013-05-13
0.038,13,2013-04-16
0.038,25,2013-06-13
0.038,24,2013-06-14
0.039,13,2013-04-30
0.037,49,2013-07-01
0.0385,17,2013-04-19
0.0392,17,2013-05-16
0.0292,63,2023-11-13
0.03244,21,2013-12-30
0.0335,13,2013-12-31
0.0335,13,2014-01-07
0.0325,26,2014-01-08
0.03193,25,2014-02-20
0.0395,7,2013-05-06
0.0365,43,2013-07-10
0.0356999999999999,39,2013-07-11
0.036,10,2013-07-12
0.0371,47,2013-07-03
0.0395,30,2013-05-03
0.037,38,2013-07-15
0.0375,7,2013-07-04
0.0365,27,2013-07-16
0.035,12,2013-07-24
0.036,6,2013-07-05
0.0384,26,2013-07-17
0.035,10,2013-07-26
0.0384,25,2013-07-18
0.0359,46,2013-08-22
0.037,45,2013-07-08
0.0358,24,2013-08-23
0.0384,34,2013-07-09
0.035,24,2013-07-29
0.03513,12,2013-09-04
0.0348,18,2013-09-19
0.0358,7,2013-08-12
0.0355,7,2013-09-05
0.035,17,2013-09-20
0.0359,9,2013-08-13
0.036,27,2013-07-23
0.0363,14,2013-08-26
0.03625,11,2013-08-01
0.0361,13,2013-08-27
0.0349,26,2013-10-02
0.0359,11,2013-08-15
0.0358,32,2013-08-08
0.0358,7,2013-08-05
0.03391,39,2012-01-12
0.0334,60,2011-12-20
0.0345,35,2012-03-12
0.0342,7,2012-03-05
0.0335,48,2012-01-31
0.034300000000000004,31,2012-02-17
0.0335,11,2012-01-19
0.03335,26,2012-01-04
0.0344,56,2012-02-20
0.03314,18,2012-01-05
0.0332,17,2012-01-06
0.0335,10,2012-02-08
0.034300000000000004,21,2012-03-26
0.03438,39,2012-02-09
0.033,46,2012-03-29
0.0335,56,2012-01-23
0.0325,49,2012-04-05
0.0335,52,2012-01-27
0.033,42,2012-04-02
0.03438,33,2012-02-15
0.034300000000000004,4,2012-02-16
0.0344,38,2012-03-02
0.032029999999999996,44,2012-05-23
0.034300000000000004,30,2012-04-24
0.03422,29,2012-04-25
0.03225,25,2012-06-11
0.032,32,2012-04-12
0.033,18,2012-04-26
0.0325,11,2012-06-25
0.034,41,2012-04-13
0.0325,10,2012-06-26
0.033,8,2012-06-28
0.0319,37,2012-05-30
0.032799999999999996,14,2012-04-30
0.0319,36,2012-05-31
0.0335,42,2012-07-02
0.03265,12,2012-05-02
0.03229,35,2012-06-01
0.0325,36,2012-04-18
0.033,54,2012-06-20
0.0323,32,2012-06-04
0.03298,53,2012-06-21
0.032400000000000005,31,2012-06-05
0.03222,14,2012-06-22
0.0335,40,2012-07-10
0.0335,17,2012-07-27
0.0335,53,2012-07-12
0.03225,29,2012-06-07
0.0335,52,2012-07-13
0.0345,6,2012-08-28
0.03399,21,2012-08-13
0.0337,19,2012-08-15
0.034,18,2012-08-16
0.0345,53,2012-09-27
0.034249999999999996,17,2012-08-17
0.0335,32,2012-07-18
0.0335,10,2012-08-03
0.0335,25,2012-07-19
0.0335,24,2012-07-20
0.0345,10,2012-08-24
0.0335,12,2012-08-07
0.034,26,2012-08-08
0.0337,39,2012-10-11
0.03352,25,2012-07-25
0.03595,14,2012-10-29
0.0339,20,2012-10-18
0.037360000000000004,24,2012-10-19
0.0405,44,2012-12-04
0.038,14,2012-12-03
0.0337,61,2012-10-02
0.036000000000000004,18,2012-10-25
0.037000000000000005,9,2012-11-23
0.035,40,2012-11-28
0.0375,18,2012-11-29
0.0385,17,2012-11-30
0.0329,28,2011-01-17
0.0333,13,2011-03-22
0.033,19,2011-02-02
0.033,17,2011-02-18
0.0332,12,2011-03-23
0.0327,14,2011-01-03
0.033010000000000005,11,2011-02-03
0.0335,10,2011-03-04
0.0329,10,2011-02-04
0.0326,48,2011-01-04
0.0331,11,2011-03-24
0.03321,56,2011-03-21
0.0331,26,2011-03-09
0.0333,42,2011-02-21
0.033,25,2011-01-20
0.032799999999999996,38,2011-01-21
0.0331,11,2011-02-23
0.0331,24,2011-03-11
0.0332,26,2011-02-08
0.03305,10,2011-02-24
0.0331,7,2011-03-28
0.0333,9,2011-02-25
0.032799999999999996,28,2011-01-24
0.033,11,2011-02-10
0.0327,7,2011-01-10
0.033,17,2011-01-28
0.033,52,2011-01-13
0.032850000000000004,18,2011-03-17
0.033,13,2011-02-01
0.0331,41,2011-04-05
0.03336,32,2011-03-03
0.0327,21,2011-04-25
0.032869999999999996,7,2011-05-09
0.0327,17,2011-06-10
0.03309,11,2011-05-26
0.033,7,2011-06-27
0.03307,10,2011-05-27
0.0329,35,2011-04-11
0.032799999999999996,34,2011-05-10
0.033,19,2011-06-29
0.033,18,2011-06-30
0.03326,33,2011-04-13
0.0327,10,2011-05-06
0.03302,7,2011-05-30
0.033159999999999995,21,2011-06-13
0.0327,32,2011-04-14
0.0329,20,2011-06-14
0.0327,31,2011-04-15
0.0329,19,2011-06-15
0.033,42,2011-07-11
0.0325,11,2011-06-02
0.03345,18,2011-06-16
0.0327,28,2011-04-18
0.0329,10,2011-06-03
0.033,25,2011-05-19
0.0329,14,2011-06-20
0.0329,10,2011-07-08
0.0333,17,2011-05-20
0.0333,24,2011-07-22
0.032959999999999996,10,2011-06-24
0.0329,25,2011-06-09
0.03315,14,2011-05-23
0.03289,56,2011-09-07
0.0329,21,2011-08-29
0.033,21,2011-08-01
0.03308,21,2011-08-15
0.0334,13,2011-05-24
0.032549999999999996,13,2011-08-02
0.0326,19,2011-08-17
0.0327,33,2011-08-03
0.032799999999999996,28,2011-09-19
0.0329,52,2011-08-19
0.0327,18,2011-08-04
0.0333,14,2011-10-03
0.03334,11,2011-10-06
0.033,42,2011-09-05
0.0332,10,2011-10-07
0.033,48,2011-08-23
0.03322,7,2011-08-08
0.0327,13,2011-09-06
0.03304,16,2011-10-17
0.032850000000000004,11,2011-09-08
0.033,5,2011-08-10
0.03315,15,2011-10-18
0.0327,25,2011-08-25
0.033,11,2011-08-11
0.033,38,2011-09-09
0.0332,6,2011-10-11
0.032799999999999996,13,2011-10-20
0.0329,34,2011-09-29
0.0333,33,2011-11-02
0.033,20,2011-10-13
0.0333,25,2011-11-17
0.03284,7,2011-09-12
0.03299,19,2011-10-14
0.0333,42,2011-12-05
0.0336,46,2011-12-15
0.032780000000000004,8,2011-10-25
0.0333,21,2011-11-21
0.03336,67,2011-11-10
0.03347,33,2011-11-09
0.03312,24,2011-11-11
0.033,18,2011-12-29
0.03331,21,2011-11-14
0.033,6,2011-11-29
0.0335,17,2011-12-30
0.0335,14,2010-02-01
0.033,6,2010-02-16
0.0335,28,2010-03-15
0.03371,21,2010-01-18
0.0335,11,2010-03-04
0.03314,18,2009-12-24
0.03428,34,2010-03-09
0.03438,56,2010-03-22
0.0333,10,2010-01-22
0.0347,60,2010-02-18
0.0345,52,2010-02-26
0.03325,34,2010-01-13
0.033,18,2010-04-01
0.034,38,2010-01-15
0.03327,10,2010-04-09
0.0337,48,2010-06-08
0.033460000000000004,20,2010-05-25
0.03327,19,2010-05-26
0.0333,21,2010-06-28
0.03357,40,2010-06-30
0.03349,52,2010-05-28
0.0336,41,2010-05-11
0.033,18,2010-07-01
0.03305,34,2010-05-18
0.033,9,2010-05-07
0.034,24,2010-07-02
0.0334,24,2010-05-21
0.0337,42,2010-07-12
0.0341,21,2010-07-26
0.034,12,2010-07-14
0.0337,7,2010-08-09
0.03307,17,2010-08-27
0.0333,13,2010-08-31
0.0335,49,2010-08-16
0.03305,11,2010-09-02
0.033,10,2010-09-03
0.033,25,2010-08-19
0.032,6,2010-09-07
0.03315,7,2010-09-13
0.03315,11,2010-09-09
0.03333,18,2010-08-26
0.0336,16,2010-09-30
0.0325,7,2010-10-18
0.0327,21,2010-11-01
0.041580000000000006,3444,2010-09-28
0.0327,80,2010-10-29
0.0331,45,2010-10-22
0.03344,14,2010-09-20
0.0335,40,2010-10-06
0.033,21,2010-10-25
0.0332,12,2010-09-22
0.0327,28,2010-11-08
0.0332,27,2010-11-09
0.0329,35,2010-10-11
0.033,7,2010-09-27
0.032549999999999996,11,2010-11-11
0.0329,54,2010-10-13
0.03273,10,2010-11-12
0.03333,53,2010-10-14
0.0326,45,2010-12-03
0.0327,19,2010-11-22
0.0333,55,2010-11-23
0.0327,6,2010-11-16
0.0334,31,2010-12-17
0.0327,27,2010-12-21
0.0327,53,2010-11-25
0.0333,49,2010-11-29
0.0326,32,2010-12-16
0.033,48,2010-12-28
0.03307,45,2010-12-31
0.0345,19,2010-06-02
0.033549999999999996,45,2010-06-04
0.03363,42,2010-06-07
0.03328,24,2010-06-25
0.0331,10,2010-09-24
0.033,7,2010-09-06
0.0335,21,2010-08-23
0.03315,20,2010-08-24
0.032549999999999996,21,2010-11-15
